strategy,n_removed,lcc_nodes,lcc_ratio,n_components,remaining_edge_weight_ratio,reachable_seed_ratio
priority,0,1877.0,1.0,35.0,1.0,1.0
priority,1,1871.0,0.996803409696324,36.0,0.9926822271389938,0.9973309608540926
priority,5,1729.0,0.9211507725093234,121.0,0.9260369573869089,0.8963523131672598
priority,10,1514.0,0.8066062866275973,245.0,0.831426440937354,0.7829181494661922
priority,20,1199.0,0.6387852956846031,411.0,0.7377308637564634,0.46886120996441283
priority,50,875.0,0.46616941928609484,675.0,0.6124938519335015,0.26512455516014233
betweenness,0,1877.0,1.0,35.0,1.0,1.0
betweenness,1,1860.0,0.9909429941395844,44.0,0.9958648720917841,0.9915480427046264
betweenness,5,1717.0,0.9147575919019713,129.0,0.9334932351218843,0.8683274021352313
betweenness,10,1567.0,0.8348428343100692,228.0,0.8519481779171402,0.7802491103202847
betweenness,20,1257.0,0.6696856686201386,398.0,0.757209012916231,0.521797153024911
betweenness,50,921.0,0.4906766116142781,583.0,0.6606641723890331,0.4025800711743772
pagerank_amount,0,1877.0,1.0,35.0,1.0,1.0
pagerank_amount,1,1863.0,0.9925412892914225,37.0,0.9560905751109683,0.9977758007117438
pagerank_amount,5,1853.0,0.9872136387852957,44.0,0.9460637504380397,0.9933274021352313
pagerank_amount,10,1846.0,0.9834842834310069,47.0,0.9404041019589132,0.9893238434163701
pagerank_amount,20,1834.0,0.9770911028236547,52.0,0.9279410362552356,0.9786476868327402
pagerank_amount,50,1749.0,0.931806073521577,91.0,0.8707867487273528,0.9346085409252669
random_baseline_mean,0,1877.0,1.0,35.0,1.0,1.0
random_baseline_mean,1,1875.9333333333334,0.9994317172793464,35.333333333333336,0.9995823835169465,0.9993772241992882
random_baseline_mean,5,1867.0333333333333,0.9946901083288936,39.9,0.9953426084987345,0.9928380782918149
random_baseline_mean,10,1859.5666666666666,0.990712129284319,45.36666666666667,0.990767902246242,0.9886269276393832
random_baseline_mean,20,1843.7,0.9822589238145978,48.03333333333333,0.9838750902866804,0.9816281138790035
random_baseline_mean,50,1794.0666666666666,0.9558160184691885,66.16666666666667,0.9532948206271353,0.953188018979834
